term,df,sumsq,meansq,statistic,p.value
body_mass_g,1,51176.240176301784,51176.240176301784,1070.7445922137292,4.3706809629969786e-107
Residuals,340,16250.300759370486,47.79500223344261,NA,NA
